Workbook
Name Slicer_Distance_category: #N/A
Name Slicer_Storage_method: #N/A
Name Slicer_Transport_Method: #N/A

Sheet Patter_Analysis
A3: Storage_method | B3: Average of Loss_rate | E3: Distance | F3: Average of Loss_rate
A4: cold storage | B4: 0.12924178 | E4: Far | F4: 0.18570973
A5: Improved storage | B5: 0.1051119 | E5: Medium distance | F5: 0.13503539
A6: No storage | B6: 0.15392166 | E6: Near | F6: 0.11556025
A7: Traditional storage | B7: 0.13697785 | E7: Grand Total | F7: 0.13670324
A8: Grand Total | B8: 0.13670324
A13: Transport_method | B13: Average of Loss_rate | E13: Days_before_sale | F13: Average of Loss_rate
A14: Bicycle | B14: 0.14683574 | E14: Long delay | F14: 0.16723511
A15: Motor cycle | B15: 0.15548592 | E15: Moderate delay | F15: 0.13281079
A16: Other | B16: 0.13575695 | E16: Quick sale | F16: 0.10695518
A17: Pick up | B17: 0.11889424 | E17: Grand Total | F17: 0.13670324
A18: Truck | B18: 0.13216727
A19: Grand Total | B19: 0.13670324
B23: Average of Loss rate | E23: Days_before_sale | F23: Count of Farmer_ID
B24: 0.13670324 | E24: Highest loss | F24: 13
D25: 150 | E25: Lowest loss | F25: 40
D26: 0.13670324 | E26: Medium loss | F26: 97
D27: 13 | E27: Grand Total | F27: 150

Sheet Dashboard

Sheet Clean_Data
A1: Farmer_ID | B1: Harvest_check | C1: Quantity_lost | D1: Loss_rate | E1: Loss_rate_range | F1: Quantity_sold | G1: Storage_method | H1: Transport_Method | I1: Distance_to_market | J1: Days_Before_Sale | K1: Days_category | L1: Distance_category | M1: Selling_price | N1: Revenue
A2: F074 | B2: 1300 | C2: 118 | D2: =(C2/B2) -> 0.090769231 | E2: =IF(D2<=10%,"Lowest loss",IF(D2<=20%,"Medium loss","Highest loss")) -> Lowest loss | F2: 1120 | G2: Improved storage | H2: Truck | I2: 7.6 | J2: 3 | K2: =IF(J2="","Missing",IF(J2<=1,"Quick sale",IF(J2<=3,"Moderate delay","Long delay"))) -> Moderate delay | L2: =IF(I2="","Missing",IF(I2<=10,"Near",IF(I2<=30,"Medium distance","Far"))) -> Near | M2: 1479 | N2: =IF(OR(F2="",M2=""),"",F2*M2) -> 1656480
A3: F019 | B3: 334 | C3: 54 | D3: =(C3/B3) -> 0.16167665 | E3: =IF(D3<=10%,"Lowest loss",IF(D3<=20%,"Medium loss","Highest loss")) -> Medium loss | F3: 259 | G3: No storage | H3: Other | I3: 33.7 | J3: 1 | K3: =IF(J3="","Missing",IF(J3<=1,"Quick sale",IF(J3<=3,"Moderate delay","Long delay"))) -> Quick sale | L3: =IF(I3="","Missing",IF(I3<=10,"Near",IF(I3<=30,"Medium distance","Far"))) -> Far | M3: 1124 | N3: =IF(OR(F3="",M3=""),"",F3*M3) -> 291116
A4: F119 | B4: 1031 | C4: 189 | D4: =(C4/B4) -> 0.18331717 | E4: =IF(D4<=10%,"Lowest loss",IF(D4<=20%,"Medium loss","Highest loss")) -> Medium loss | F4: 775 | G4: Traditional storage | H4: Motor cycle | I4: 29.4 | J4: 4 | K4: =IF(J4="","Missing",IF(J4<=1,"Quick sale",IF(J4<=3,"Moderate delay","Long delay"))) -> Long delay | L4: =IF(I4="","Missing",IF(I4<=10,"Near",IF(I4<=30,"Medium distance","Far"))) -> Medium distance | M4: 1599 | N4: =IF(OR(F4="",M4=""),"",F4*M4) -> 1239225
A5: F079 | B5: 578 | C5: 42 | D5: =(C5/B5) -> 0.07266436 | E5: =IF(D5<=10%,"Lowest loss",IF(D5<=20%,"Medium loss","Highest loss")) -> Lowest loss | F5: 534 | G5: Improved storage | H5: Pick up | I5: 16 | J5: 1 | K5: =IF(J5="","Missing",IF(J5<=1,"Quick sale",IF(J5<=3,"Moderate delay","Long delay"))) -> Quick sale | L5: =IF(I5="","Missing",IF(I5<=10,"Near",IF(I5<=30,"Medium distance","Far"))) -> Medium distance | M5: 1721 | N5: =IF(OR(F5="",M5=""),"",F5*M5) -> 919014
A6: F077 | B6: 577 | C6: 115 | D6: =(C6/B6) -> 0.19930676 | E6: =IF(D6<=10%,"Lowest loss",IF(D6<=20%,"Medium loss","Highest loss")) -> Medium loss | F6: 422 | G6: Traditional storage | H6: Motor cycle | I6: 9.5 | J6: 7 | K6: =IF(J6="","Missing",IF(J6<=1,"Quick sale",IF(J6<=3,"Moderate delay","Long delay"))) -> Long delay | L6: =IF(I6="","Missing",IF(I6<=10,"Near",IF(I6<=30,"Medium distance","Far"))) -> Near | M6: 962 | N6: =IF(OR(F6="",M6=""),"",F6*M6) -> 405964
A7: F032 | B7: 1523 | C7: 208 | D7: =(C7/B7) -> 0.13657255 | E7: =IF(D7<=10%,"Lowest loss",IF(D7<=20%,"Medium loss","Highest loss")) -> Medium loss | F7: 1267 | G7: Traditional storage | H7: Motor cycle | I7: 0 | J7: 4 | K7: =IF(J7="","Missing",IF(J7<=1,"Quick sale",IF(J7<=3,"Moderate delay","Long delay"))) -> Long delay | L7: =IF(I7="","Missing",IF(I7<=10,"Near",IF(I7<=30,"Medium distance","Far"))) -> Near | M7: 1488 | N7: =IF(OR(F7="",M7=""),"",F7*M7) -> 1885296
A8: F065 | B8: 860 | C8: 185 | D8: =(C8/B8) -> 0.21511628 | E8: =IF(D8<=10%,"Lowest loss",IF(D8<=20%,"Medium loss","Highest loss")) -> Highest loss | F8: 635 | G8: No storage | H8: OTHER | I8: 7.4 | J8: 6 | K8: =IF(J8="","Missing",IF(J8<=1,"Quick sale",IF(J8<=3,"Moderate delay","Long delay"))) -> Long delay | L8: =IF(I8="","Missing",IF(I8<=10,"Near",IF(I8<=30,"Medium distance","Far"))) -> Near | M8: 1191 | N8: =IF(OR(F8="",M8=""),"",F8*M8) -> 756285
A9: F142 | B9: 1129 | C9: 155 | D9: =(C9/B9) -> 0.13728964 | E9: =IF(D9<=10%,"Lowest loss",IF(D9<=20%,"Medium loss","Highest loss")) -> Medium loss | F9: 956 | G9: No storage | H9: Bicycle | I9: 10.7 | J9: 1 | K9: =IF(J9="","Missing",IF(J9<=1,"Quick sale",IF(J9<=3,"Moderate delay","Long delay"))) -> Quick sale | L9: =IF(I9="","Missing",IF(I9<=10,"Near",IF(I9<=30,"Medium distance","Far"))) -> Medium distance | M9: 1452 | N9: =IF(OR(F9="",M9=""),"",F9*M9) -> 1388112
A10: F069 | B10: 671 | C10: 60 | D10: =(C10/B10) -> 0.089418778 | E10: =IF(D10<=10%,"Lowest loss",IF(D10<=20%,"Medium loss","Highest loss")) -> Lowest loss | F10: 587 | G10: Traditional storage | H10: Motor cycle | I10: 14.3 | J10: 2 | K10: =IF(J10="","Missing",IF(J10<=1,"Quick sale",IF(J10<=3,"Moderate delay","Long delay"))) -> Moderate delay | L10: =IF(I10="","Missing",IF(I10<=10,"Near",IF(I10<=30,"Medium distance","Far"))) -> Medium distance | M10: 1305 | N10: =IF(OR(F10="",M10=""),"",F10*M10) -> 766035
A11: F083 | B11: 1240 | C11: 170 | D11: =(C11/B11) -> 0.13709677 | E11: =IF(D11<=10%,"Lowest loss",IF(D11<=20%,"Medium loss","Highest loss")) -> Medium loss | F11: 972 | G11: Improved storage | H11: Motor cycle | I11: 3.3 | J11: 5 | K11: =IF(J11="","Missing",IF(J11<=1,"Quick sale",IF(J11<=3,"Moderate delay","Long delay"))) -> Long delay | L11: =IF(I11="","Missing",IF(I11<=10,"Near",IF(I11<=30,"Medium distance","Far"))) -> Near | M11: 1191 | N11: =IF(OR(F11="",M11=""),"",F11*M11) -> 1157652
A12: F111 | B12: 191 | C12: 22 | D12: =(C12/B12) -> 0.11518325 | E12: =IF(D12<=10%,"Lowest loss",IF(D12<=20%,"Medium loss","Highest loss")) -> Medium loss | F12: 156 | G12: Improved storage | H12: Motor cycle | I12: 3.9 | J12: 4 | K12: =IF(J12="","Missing",IF(J12<=1,"Quick sale",IF(J12<=3,"Moderate delay","Long delay"))) -> Long delay | L12: =IF(I12="","Missing",IF(I12<=10,"Near",IF(I12<=30,"Medium distance","Far"))) -> Near | M12: 1604 | N12: =IF(OR(F12="",M12=""),"",F12*M12) -> 250224
A13: F013 | B13: 628 | C13: 121 | D13: =(C13/B13) -> 0.19267516 | E13: =IF(D13<=10%,"Lowest loss",IF(D13<=20%,"Medium loss","Highest loss")) -> Medium loss | F13: 485 | G13: Traditional storage | H13: Pick up | I13: 15.5 | J13: 6 | K13: =IF(J13="","Missing",IF(J13<=1,"Quick sale",IF(J13<=3,"Moderate delay","Long delay"))) -> Long delay | L13: =IF(I13="","Missing",IF(I13<=10,"Near",IF(I13<=30,"Medium distance","Far"))) -> Medium distance | M13: 874 | N13: =IF(OR(F13="",M13=""),"",F13*M13) -> 423890
... A151: F103 | B151: 456 | C151: 96 | D151: =(C151/B151) -> 0.21052632 | E151: =IF(D151<=10%,"Lowest loss",IF(D151<=20%,"Medium loss","Highest loss")) -> Highest loss | F151: 356 | G151: No storage | H151: Truck | I151: 26.6 | J151: 5 | K151: =IF(J151="","Missing",IF(J151<=1,"Quick sale",IF(J151<=3,"Moderate delay","Long delay"))) -> Long delay | L151: =IF(I151="","Missing",IF(I151<=10,"Near",IF(I151<=30,"Medium distance","Far"))) -> Medium distance | M151: 0 | N151: =IF(OR(F151="",M151=""),"",F151*M151) -> 0

Sheet EDA_Statistics
A1: Statistic | B1: Harvest | C1: Sold | D1: Lost | E1: Distance | F1: Days | G1: Price | H1: Loss_rate
A2: Count | B2: =COUNT(Raw_Data!B2:B151) -> 139 | C2: =COUNT(Raw_Data!E2:E151) -> 147 | D2: =COUNT(Raw_Data!C2:C151) -> 136 | E2: =COUNT(Raw_Data!H2:H151) -> 137 | F2: =COUNT(Raw_Data!I2:I151) -> 147 | G2: =COUNT(Raw_Data!J2:J151) -> 138 | H2: =COUNT(Clean_Data!D2:D151) -> 150
A3: Mean | B3: =AVERAGE(Raw_Data!B2:B151) -> 610.2518 | C3: =AVERAGE(Raw_Data!E2:E151) -> 490.72109 | D3: =AVERAGE(Raw_Data!C2:C151) -> 84.198529 | E3: =AVERAGE(Raw_Data!H2:H151) -> 17.840876 | F3: =AVERAGE(Raw_Data!I2:I151) -> 2.8707483 | G3: =AVERAGE(Raw_Data!J2:J151) -> 1182.029
A4: Minimum | B4: =MIN(Raw_Data!B2:B151) -> 130 | C4: =MIN(Raw_Data!E2:E151) -> 117 | D4: =MIN(Raw_Data!C2:C151) -> 5 | E4: =MIN(Raw_Data!H2:H151) -> 1.5 | F4: =MIN(Raw_Data!I2:I151) -> 0 | G4: =MIN(Raw_Data!J2:J151) -> 615 | H4: =MIN(Clean_Data!D2:D151) -> 0.020491803
A5: Maximum | B5: =MAX(Raw_Data!B2:B151) -> 2132 | C5: =MAX(Raw_Data!E2:E151) -> 1588 | D5: =MAX(Raw_Data!C2:C151) -> 486 | E5: =MAX(Raw_Data!H2:H151) -> 56 | F5: =MAX(Raw_Data!I2:I151) -> 8 | G5: =MAX(Raw_Data!J2:J151) -> 1964 | H5: =MAX(Clean_Data!D3:D152) -> 0.28685259
A6: Range | B6: =MAX(Raw_Data!B2:B151)-MIN(Raw_Data!B2:B151) -> 2002 | C6: =MAX(Raw_Data!E2:E151)-MIN(Raw_Data!E2:E151) -> 1471 | D6: =MAX(Raw_Data!C2:C151)-MIN(Raw_Data!C2:C151) -> 481 | E6: =MAX(Raw_Data!H2:H151)-MIN(Raw_Data!H2:H151) -> 54.5 | F6: =MAX(Raw_Data!I2:I151)-MIN(Raw_Data!I2:I151) -> 8 | G6: =MAX(Raw_Data!J2:J151)-MIN(Raw_Data!J2:J151) -> 1349
A7: Standard Deviation | B7: =_xlfn.STDEV.S(Raw_Data!B2:B151) -> 342.0539 | C7: =_xlfn.STDEV.S(Raw_Data!E2:E151) -> 266.80304 | D7: =_xlfn.STDEV.S(Raw_Data!C2:C151) -> 65.175867 | E7: =_xlfn.STDEV.S(Raw_Data!H2:H151) -> 12.297606 | F7: =_xlfn.STDEV.S(Raw_Data!I2:I151) -> 1.7052381 | G7: =_xlfn.STDEV.S(Raw_Data!J2:J151) -> 264.6869
A8: Median | B8: =MEDIAN(Raw_Data!B2:B151) -> 529 | C8: =MEDIAN(Raw_Data!E2:E151) -> 427 | D8: =MEDIAN(Raw_Data!C2:C151) -> 72.5 | E8: =MEDIAN(Raw_Data!H2:H151) -> 14.3 | F8: =MEDIAN(Raw_Data!I2:I151) -> 3 | G8: =MEDIAN(Raw_Data!J2:J151) -> 1191.5
A9: Q1 | B9: =_xlfn.QUARTILE.INC(Raw_Data!B2:B151,1) -> 376.5 | C9: =_xlfn.QUARTILE.INC(Raw_Data!E2:E151,1) -> 299 | D9: =_xlfn.QUARTILE.INC(Raw_Data!C2:C151,1) -> 47 | E9: =_xlfn.QUARTILE.INC(Raw_Data!H2:H151,1) -> 8.8 | F9: =_xlfn.QUARTILE.INC(Raw_Data!I2:I151,1) -> 2 | G9: =_xlfn.QUARTILE.INC(Raw_Data!J2:J151,1) -> 976
A10: Q3 | B10: =_xlfn.QUARTILE.INC(Raw_Data!B2:B151,3) -> 737 | C10: =_xlfn.QUARTILE.INC(Raw_Data!E2:E151,3) -> 593.5 | D10: =_xlfn.QUARTILE.INC(Raw_Data!C2:C151,3) -> 103.5 | E10: =_xlfn.QUARTILE.INC(Raw_Data!H2:H151,3) -> 24.2 | F10: =_xlfn.QUARTILE.INC(Raw_Data!I2:I151,3) -> 4 | G10: =_xlfn.QUARTILE.INC(Raw_Data!J2:J151,3) -> 1349.5
A11: IQR | B11: =B10-B9 -> 360.5 | C11: =C10-C9 -> 294.5 | D11: =D10-D9 -> 56.5 | E11: =E10-E9 -> 15.4 | F11: =F10-F9 -> 2 | G11: =G10-G9 -> 373.5
A12: Lower bound | B12: =B9-(1.5*B11) -> -164.25 | C12: =C9-(1.5*C11) -> -142.75 | D12: =D9-(1.5*D11) -> -37.75 | E12: =E9-(1.5*E11) -> -14.3 | F12: =F9-(1.5*F11) -> -1 | G12: =G9-(1.5*G11) -> 415.75
A13: Upper bound | B13: =B10+(1.5*B11) -> 1277.75 | C13: =C10+(1.5*C11) -> 1035.25 | D13: =D10+(1.5*D11) -> 188.25 | E13: =E10+(1.5*E11) -> 47.3 | F13: =F10+(1.5*F11) -> 7 | G13: =G10+(1.5*G11) -> 1909.75

Sheet Raw_Data
A1: Farmer_ID | B1: Harvest_kg | C1: Quantity_Lost_kg | D1: farmer-distribution | E1: Quantity_Sold_kg | F1: Storage_Method | G1: Transport_Method | H1: Distance_to_Market_km | I1: Days_Before_Sale | J1: Selling_Price_TZS_per_kg
A2: F074 | B2: 1300 | C2: 118 | D2: =IF(C2="","Missing",IF(C2<50,"Low",IF(C2>=100,"Medium","High"))) -> Medium | E2: 1120 | F2: improved | G2: Truck | H2: 7.6 | I2: 3 | J2: 1479
A3: F019 | B3: 334 | C3: 54 | D3: =IF(C3="","Missing",IF(C3<50,"Low",IF(C3>=100,"Medium","High"))) -> High | E3: 259 | F3: NONE | G3: Other | H3: 33.7 | I3: 1 | J3: 1124
A4: F119 | B4: 1031 | C4: 189 | D4: =IF(C4="","Missing",IF(C4<50,"Low",IF(C4>=100,"Medium","High"))) -> Medium | E4: 775 | F4: Traditional | G4: MOTORCYCLE | H4: 29.4 | I4: 4 | J4: 1599
A5: F079 | B5: 578 | C5: 42 | D5: =IF(C5="","Missing",IF(C5<50,"Low",IF(C5>=100,"Medium","High"))) -> Low | E5: 534 | F5: Improved | G5: Pick up | H5: 16 | I5: 1 | J5: 1721
A6: F077 | B6: 577 | C6: 115 | D6: =IF(C6="","Missing",IF(C6<50,"Low",IF(C6>=100,"Medium","High"))) -> Medium | E6: 422 | F6: Traditional | G6: Motorcycle | H6: 9.5 | I6: 7 | J6: 962
A7: F032 | B7: 1523 | C7: 208 | D7: =IF(C7="","Missing",IF(C7<50,"Low",IF(C7>=100,"Medium","High"))) -> Medium | E7: 1267 | F7: Traditional | G7: Motorcycle | H7: -5 km | I7: 4 | J7: 1488
A8: F065 | B8: 860 | C8: 185 | D8: =IF(C8="","Missing",IF(C8<50,"Low",IF(C8>=100,"Medium","High"))) -> Medium | E8: 635 | F8: None | G8: OTHER | H8: 7.4 | I8: 6
A9: F142 | B9: 1129 | C9: 155 | D9: =IF(C9="","Missing",IF(C9<50,"Low",IF(C9>=100,"Medium","High"))) -> Medium | E9: 956 | F9: None | G9: Bicycle | H9: 10.7 | I9: 1 | J9: 1452
A10: F069 | B10: 671 | C10: 60 kg | D10: =IF(C10="","Missing",IF(C10<50,"Low",IF(C10>=100,"Medium","High"))) -> Medium | E10: 587 | F10: Traditional | G10: Motor cycle | I10: 2 | J10: TZS 1,305
A11: F083 | B11: 1240 | C11: 170 | D11: =IF(C11="","Missing",IF(C11<50,"Low",IF(C11>=100,"Medium","High"))) -> Medium | E11: 972 | F11: Improved | G11: Motorcycle | H11: 3.3 | I11: 5
A12: F111 | B12: 191 kg | C12: 22 | D12: =IF(C12="","Missing",IF(C12<50,"Low",IF(C12>=100,"Medium","High"))) -> Low | E12: 156 | F12: Improved | G12: Motorcycle | H12: 3.9 | I12: 4 | J12: 1604
A13: F013 | B13: 628 | C13: 121 | D13: =IF(C13="","Missing",IF(C13<50,"Low",IF(C13>=100,"Medium","High"))) -> Medium | E13: 485 | F13: Traditional | G13: Pickup | H13: 15.5 | I13: 6 | J13: 874
A14: F037 | B14: 617 | C14: 100 | D14: =IF(C14="","Missing",IF(C14<50,"Low",IF(C14>=100,"Medium","High"))) -> Medium | E14: 506 | F14: No storage | G14: truck | H14: 6.8 | I14: 4 | J14: 1266
A15: F010 | B15: 741 | C15: 92 | D15: =IF(C15="","Missing",IF(C15<50,"Low",IF(C15>=100,"Medium","High"))) -> High | E15: 620 | F15: Traditional | G15: Pickup | H15: 13.7 | I15: 1 | J15: 1408
A16: F020 | B16: 253 | C16: 49 | D16: =IF(C16="","Missing",IF(C16<50,"Low",IF(C16>=100,"Medium","High"))) -> Low | E16: 190 | F16: Improved | G16: Bicycle | H16: 39.1 | I16: 5 | J16: TZS 771
A17: F057 | B17: 347 | C17: 49 | D17: =IF(C17="","Missing",IF(C17<50,"Low",IF(C17>=100,"Medium","High"))) -> Low | E17: 285 | F17: None | G17: Pickup | H17: 6.7 | I17: 6 | J17: 931
A18: F105 | B18: 503 | C18: 28 | D18: =IF(C18="","Missing",IF(C18<50,"Low",IF(C18>=100,"Medium","High"))) -> Low | E18: 447 | F18: Traditional | G18: Pickup | H18: 1.9 | I18: 1 | J18: 1132
A19: F070 | B19: 386 | C19: 60 kg | D19: =IF(C19="","Missing",IF(C19<50,"Low",IF(C19>=100,"Medium","High"))) -> Medium | E19: 326 | F19: Traditional | G19: Pickup | H19: 22 | I19: 3 | J19: 956
A20: F056 | B20: 918 | C20: 87 | D20: =IF(C20="","Missing",IF(C20<50,"Low",IF(C20>=100,"Medium","High"))) -> High | E20: 773 | F20: None | G20: Truck | H20: 13.6 | I20: 2 | J20: TZS 1,166
A21: F133 | B21: 307 | D21: =IF(C21="","Missing",IF(C21<50,"Low",IF(C21>=100,"Medium","High"))) -> Missing | E21: 264 | F21: Traditional | G21: truck | H21: 7.9 | I21: 2 | J21: 1350
A22: F030 | B22: 468 | C22: 75 | D22: =IF(C22="","Missing",IF(C22<50,"Low",IF(C22>=100,"Medium","High"))) -> High | E22: 377 | F22: Traditional | G22: Motorcycle | H22: 40.7 | I22: 2 | J22: 1410
A23: F128 | B23: 403 kg | C23: 77 | D23: =IF(C23="","Missing",IF(C23<50,"Low",IF(C23>=100,"Medium","High"))) -> High | E23: 298 | F23: Traditional | G23: Other | H23: 38 | I23: 3 | J23: 1576
A24: F027 | B24: 292 | C24: 36 | D24: =IF(C24="","Missing",IF(C24<50,"Low",IF(C24>=100,"Medium","High"))) -> Low | E24: 252 | F24: None | G24: Motorcycle | H24: 2.8 | I24: 1 | J24: 1283
A25: F129 | B25: 581 kg | C25: 60 | D25: =IF(C25="","Missing",IF(C25<50,"Low",IF(C25>=100,"Medium","High"))) -> High | E25: 511 | F25: Traditional | G25: Motorcycle | H25: 18.2 | I25: 3 | J25: 726
A26: F132 | B26: 571 | C26: 112 | D26: =IF(C26="","Missing",IF(C26<50,"Low",IF(C26>=100,"Medium","High"))) -> Medium | E26: 451 | F26: None | G26: Pick-up | H26: 24.4 | I26: 4 | J26: 1377
A27: F146 | B27: 845 | C27: 101 | D27: =IF(C27="","Missing",IF(C27<50,"Low",IF(C27>=100,"Medium","High"))) -> Medium | E27: 727 | F27: Traditional | G27: Motorcycle | H27: 4.8 | I27: 4 | J27: 1594
A28: F109 | B28: 634 | C28: 102 | D28: =IF(C28="","Missing",IF(C28<50,"Low",IF(C28>=100,"Medium","High"))) -> Medium | E28: 505 | G28: Motorcycle | H28: 26 | I28: 3 | J28: 773
A29: F144 | B29: 609 kg | C29: 76 | D29: =IF(C29="","Missing",IF(C29<50,"Low",IF(C29>=100,"Medium","High"))) -> High | E29: 529 | F29: Traditional storage | G29: Truck | H29: 3.2 | I29: 4 | J29: 703
A30: F046 | B30: 370 | C30: 60 | D30: =IF(C30="","Missing",IF(C30<50,"Low",IF(C30>=100,"Medium","High"))) -> High | E30: 284 | F30: Traditional | G30: truck | H30: 8.5 | I30: 4 | J30: 1516
A31: F031 | B31: 395 | C31: 34 | D31: =IF(C31="","Missing",IF(C31<50,"Low",IF(C31>=100,"Medium","High"))) -> Low | E31: 341 | F31: Improved | G31: Truck | H31: 4.4 | I31: 2 | J31: 876
A32: F023 | B32: 571 | C32: 103 | D32: =IF(C32="","Missing",IF(C32<50,"Low",IF(C32>=100,"Medium","High"))) -> Medium | E32: 437 | F32: Traditional | G32: Motorcycle | H32: 43.5 | I32: 3 | J32: TZS 1,476
A33: F016 | B33: 404 | C33: 36 | D33: =IF(C33="","Missing",IF(C33<50,"Low",IF(C33>=100,"Medium","High"))) -> Low | E33: 354 | F33: None | G33: Pick-up | H33: 16.3 | I33: 1 | J33: 1304
A34: F066 | B34: 1160 | C34: 115 | D34: =IF(C34="","Missing",IF(C34<50,"Low",IF(C34>=100,"Medium","High"))) -> Medium | E34: 1020 | F34: Traditional | G34: Pickup | H34: 6.2 | I34: 5 | J34: 654
A35: F012 | B35: 426 | C35: 72 | D35: =IF(C35="","Missing",IF(C35<50,"Low",IF(C35>=100,"Medium","High"))) -> High | E35: 331 | F35: None | G35: Pickup | H35: 15 | I35: 2 | J35: 1339
A36: F043 | B36: 516 | C36: 26 | D36: =IF(C36="","Missing",IF(C36<50,"Low",IF(C36>=100,"Medium","High"))) -> Low | E36: 470 | F36: Improved | G36: Other | H36: 6.2 | I36: 1 | J36: 1335
A37: F147 | B37: 279 | C37: 36 | D37: =IF(C37="","Missing",IF(C37<50,"Low",IF(C37>=100,"Medium","High"))) -> Low | E37: 233 | F37: Traditional | G37: Pickup | H37: 12.3 | I37: 3 | J37: 1401
A38: F052 | B38: 445 | C38: 49 | D38: =IF(C38="","Missing",IF(C38<50,"Low",IF(C38>=100,"Medium","High"))) -> Low | E38: 391 | F38: Improved | G38: Truck | H38: 3.7 | I38: 5 | J38: TZS 1,115
A39: F028 | B39: 676 | C39: 105 | D39: =IF(C39="","Missing",IF(C39<50,"Low",IF(C39>=100,"Medium","High"))) -> Medium | E39: 548 | F39: None | G39: Pickup | H39: 12.2 | I39: 6 | J39: 1297
A40: F005 | B40: 484 | C40: 76 | D40: =IF(C40="","Missing",IF(C40<50,"Low",IF(C40>=100,"Medium","High"))) -> High | E40: 403 | F40: None | G40: Truck | H40: 4.7 | I40: 2 | J40: TZS 1,720
A41: F033 | B41: 546 | C41: 26 | D41: =IF(C41="","Missing",IF(C41<50,"Low",IF(C41>=100,"Medium","High"))) -> Low | E41: 508 | G41: Motor cycle | H41: 14.3 | I41: 2 | J41: 1016
A42: F143 | B42: 227 | C42: 23 kg | D42: =IF(C42="","Missing",IF(C42<50,"Low",IF(C42>=100,"Medium","High"))) -> Medium | E42: 192 | F42: Traditional | G42: Pick up | H42: 6.4 | I42: 1 | J42: 1039
A43: F086 | C43: 47 | D43: =IF(C43="","Missing",IF(C43<50,"Low",IF(C43>=100,"Medium","High"))) -> Low | E43: 349 | F43: None | G43: Motorcycle | H43: 3.1 | I43: 2 | J43: 920
A44: F087 | B44: 910 | D44: =IF(C44="","Missing",IF(C44<50,"Low",IF(C44>=100,"Medium","High"))) -> Missing | E44: 733 | F44: Traditional storage | G44: Motorcycle | H44: 8.9 km | I44: 3 | J44: 1374
A45: F017 | B45: 315 | C45: 48 | D45: =IF(C45="","Missing",IF(C45<50,"Low",IF(C45>=100,"Medium","High"))) -> Low | E45: 256 | F45: Traditional storage | G45: Bike | H45: 21.3 | I45: 3 | J45: 1022
A46: F011 | B46: 426 | C46: 95 | D46: =IF(C46="","Missing",IF(C46<50,"Low",IF(C46>=100,"Medium","High"))) -> High | E46: 305 | F46: None | G46: Bicycle | H46: 33 | I46: 4 | J46: 1247
A47: F082 | B47: 669 | C47: 145 | D47: =IF(C47="","Missing",IF(C47<50,"Low",IF(C47>=100,"Medium","High"))) -> Medium | E47: 511 | F47: Improved | G47: Boda boda | H47: 22.1 | I47: 6 | J47: 1083
A48: F134 | B48: 714 | C48: 97 | D48: =IF(C48="","Missing",IF(C48<50,"Low",IF(C48>=100,"Medium","High"))) -> High | E48: 579 | F48: Improved | G48: Truck | H48: 20.7 | I48: 1 | J48: 1134
A49: F138 | B49: 461 | C49: 81 | D49: =IF(C49="","Missing",IF(C49<50,"Low",IF(C49>=100,"Medium","High"))) -> High | E49: 372 | F49: None | G49: Bicycle | H49: 13.6 | I49: 3 | J49: 1191
A50: F076 | B50: 864 | C50: 85 | D50: =IF(C50="","Missing",IF(C50<50,"Low",IF(C50>=100,"Medium","High"))) -> High | E50: 731 | F50: Improved | G50: Pickup | H50: 7 | I50: 2 | J50: TZS 1,342
A51: F110 | B51: 528 | C51: 79 | D51: =IF(C51="","Missing",IF(C51<50,"Low",IF(C51>=100,"Medium","High"))) -> High | E51: 419 | F51: No storage | G51: pickup | H51: 1.5 | I51: 3 | J51: 970
A52: F097 | B52: 647 | C52: 126 | D52: =IF(C52="","Missing",IF(C52<50,"Low",IF(C52>=100,"Medium","High"))) -> Medium | E52: 514 | F52: No storage | G52: Truck | H52: 15.9 | I52: 6 | J52: 1292
A53: F106 | B53: 687 | C53: 45 | D53: =IF(C53="","Missing",IF(C53<50,"Low",IF(C53>=100,"Medium","High"))) -> Low | E53: 640 | G53: Bicycle | H53: 6.4 | I53: 1 | J53: 1231
A54: F067 | B54: 529 | C54: 52 | D54: =IF(C54="","Missing",IF(C54<50,"Low",IF(C54>=100,"Medium","High"))) -> High | E54: 443 | F54: Improved storage | G54: truck | H54: 12.9 | I54: 2 | J54: 1964
A55: F001 | B55: 723 | D55: =IF(C55="","Missing",IF(C55<50,"Low",IF(C55>=100,"Medium","High"))) -> Missing | E55: 563 | F55: Improved | G55: Pickup | H55: 19 | I55: 4 | J55: 1233
A56: F123 | B56: 1190 | C56: 180 | D56: =IF(C56="","Missing",IF(C56<50,"Low",IF(C56>=100,"Medium","High"))) -> Medium | E56: 940 | F56: Traditional | G56: Motorcycle | H56: 24.8 | I56: 2 | J56: 1493
A57: F068 | B57: 955 | C57: 96 | D57: =IF(C57="","Missing",IF(C57<50,"Low",IF(C57>=100,"Medium","High"))) -> High | E57: 835 | F57: Improved | G57: pickup | H57: 27.5 | I57: 2 | J57: 974
A58: F029 | B58: 395 | C58: 77 | D58: =IF(C58="","Missing",IF(C58<50,"Low",IF(C58>=100,"Medium","High"))) -> High | E58: 288 | F58: cold storage | G58: Truck | H58: 24.2 | I58: 7 | J58: 1177
A59: F041 | B59: 826 | C59: 114 | D59: =IF(C59="","Missing",IF(C59<50,"Low",IF(C59>=100,"Medium","High"))) -> Medium | E59: 688 | F59: Traditional | G59: Truck | H59: 7.8 | I59: 4 | J59: 838
A60: F045 | B60: 244 | C60: 5 | D60: =IF(C60="","Missing",IF(C60<50,"Low",IF(C60>=100,"Medium","High"))) -> Low | E60: 235 | F60: Improved | G60: Pickup | H60: 15.3 | I60: 1 | J60: 1518
A61: F061 | B61: 423 | C61: 36 | D61: =IF(C61="","Missing",IF(C61<50,"Low",IF(C61>=100,"Medium","High"))) -> Low | E61: 372 | F61: traditional | G61: Bicycle | H61: 6 | I61: 1 | J61: 1202
A62: F124 | B62: 254 | C62: 30 | D62: =IF(C62="","Missing",IF(C62<50,"Low",IF(C62>=100,"Medium","High"))) -> Low | E62: 222 | F62: Traditional | G62: Other | H62: 7 | I62: 2 | J62: 1082
A63: F025 | B63: 408 | C63: 86 | D63: =IF(C63="","Missing",IF(C63<50,"Low",IF(C63>=100,"Medium","High"))) -> High | E63: 313 | F63: None | G63: Motorcycle | H63: 35.4 | I63: 3 | J63: 1261
A64: F026 | B64: 585 | C64: 60 | D64: =IF(C64="","Missing",IF(C64<50,"Low",IF(C64>=100,"Medium","High"))) -> High | E64: 480 | F64: Traditional | G64: Truck | H64: 29.7 | I64: 1 | J64: 900
A65: F024 | B65: 251 | D65: =IF(C65="","Missing",IF(C65<50,"Low",IF(C65>=100,"Medium","High"))) -> Missing | E65: 207 | F65: traditional | G65: Motorcycle | H65: 23.2 | I65: 2 | J65: 619
A66: F095 | B66: 443 | C66: 34 | D66: =IF(C66="","Missing",IF(C66<50,"Low",IF(C66>=100,"Medium","High"))) -> Low | E66: 406 | F66: Improved storage | G66: Pickup | H66: 19.4 | I66: 2 | J66: 1573
A67: F040 | B67: 613 | C67: 93 kg | D67: =IF(C67="","Missing",IF(C67<50,"Low",IF(C67>=100,"Medium","High"))) -> Medium | E67: 488 | F67: None | G67: Motorcycle | H67: 9.9 | I67: 2 | J67: 1369
A68: F096 | B68: 246 | C68: 18 | D68: =IF(C68="","Missing",IF(C68<50,"Low",IF(C68>=100,"Medium","High"))) -> Low | E68: 220 | F68: Traditional | G68: Pick-up | H68: 9.3 | I68: 1 | J68: 1347
A69: F118 | B69: 289 | C69: 23 | D69: =IF(C69="","Missing",IF(C69<50,"Low",IF(C69>=100,"Medium","High"))) -> Low | E69: 253 | F69: Traditional | G69: Pickup | H69: 10.3 | I69: 1 | J69: TZS 1,483
A70: F048 | B70: 984 | D70: =IF(C70="","Missing",IF(C70<50,"Low",IF(C70>=100,"Medium","High"))) -> Missing | E70: 873 | F70: Improved | G70: Bicycle | H70: 13.7 | I70: 1 | J70: 1294
A71: F098 | B71: 635 kg | C71: 86 kg | D71: =IF(C71="","Missing",IF(C71<50,"Low",IF(C71>=100,"Medium","High"))) -> Medium | E71: 520 | F71: Trad. storage | G71: Bicycle | H71: 13.3 | I71: 1 | J71: 762
A72: F114 | B72: 2132 | C72: 486 | D72: =IF(C72="","Missing",IF(C72<50,"Low",IF(C72>=100,"Medium","High"))) -> Medium | E72: 1588 | F72: None | G72: Truck | H72: 56 | I72: 2 | J72: 864
A73: F034 | B73: 307 | C73: 23 | D73: =IF(C73="","Missing",IF(C73<50,"Low",IF(C73>=100,"Medium","High"))) -> Low | E73: 260 | F73: Traditional storage | G73: TRUCK | H73: 1.8 | I73: 1 | J73: 795
A74: F139 | B74: 860 | C74: 96 | D74: =IF(C74="","Missing",IF(C74<50,"Low",IF(C74>=100,"Medium","High"))) -> High | E74: 695 | F74: Improved | G74: Motorcycle | H74: 15.6 | I74: 3 | J74: 953
A75: F102 | B75: 436 | C75: 83 | D75: =IF(C75="","Missing",IF(C75<50,"Low",IF(C75>=100,"Medium","High"))) -> High | E75: 347 | F75: None | G75: Motorcycle | H75: 10.8 | I75: - | J75: 1388
A76: F063 | C76: 40 | D76: =IF(C76="","Missing",IF(C76<50,"Low",IF(C76>=100,"Medium","High"))) -> Low | E76: 247 | F76: Traditional | G76: Pickup | H76: 26.8 | I76: 3 | J76: 1318
A77: F085 | B77: 353 | C77: 44 | D77: =IF(C77="","Missing",IF(C77<50,"Low",IF(C77>=100,"Medium","High"))) -> Low | E77: 295 | F77: Traditional | G77: Pick up | H77: 23.1 | I77: 1 | J77: 1317
A78: F149 | B78: 733 | C78: 129 | D78: =IF(C78="","Missing",IF(C78<50,"Low",IF(C78>=100,"Medium","High"))) -> Medium | E78: 561 | F78: Traditional | G78: pickup | H78: 14.3 | I78: 5 | J78: 787
A79: F054 | B79: 770 | C79: 111 | D79: =IF(C79="","Missing",IF(C79<50,"Low",IF(C79>=100,"Medium","High"))) -> Medium | E79: 602 | F79: Traditional | G79: Bike | H79: 22.2 | I79: 4 | J79: 1213
A80: F006 | B80: 484 | C80: 50 | D80: =IF(C80="","Missing",IF(C80<50,"Low",IF(C80>=100,"Medium","High"))) -> High | E80: 405 | F80: Improved | G80: Boda boda | H80: 45.2 | I80: 1 | J80: 1173
A81: F094 | B81: 459 | C81: 67 | D81: =IF(C81="","Missing",IF(C81<50,"Low",IF(C81>=100,"Medium","High"))) -> High | E81: 391 | F81: none | G81: Other | H81: 12.8 | I81: 1 | J81: 1289
A82: F112 | B82: 542 | C82: 91 | D82: =IF(C82="","Missing",IF(C82<50,"Low",IF(C82>=100,"Medium","High"))) -> High | E82: 420 | F82: None | G82: Boda boda | H82: 31.2 | I82: 1 | J82: 796
A83: F050 | B83: 209 | C83: 15 | D83: =IF(C83="","Missing",IF(C83<50,"Low",IF(C83>=100,"Medium","High"))) -> Low | E83: 181 | F83: Cold storage | G83: Pickup | H83: 9.9 | I83: 4 | J83: 1121
A84: F036 | B84: 281 | C84: 52 | D84: =IF(C84="","Missing",IF(C84<50,"Low",IF(C84>=100,"Medium","High"))) -> High | E84: 209 | F84: Traditional | G84: Bike | H84: 19.3 km | I84: 4 | J84: 655
A85: F081 | B85: 487 | C85: 49 | D85: =IF(C85="","Missing",IF(C85<50,"Low",IF(C85>=100,"Medium","High"))) -> Low | E85: 434 | F85: Traditional | G85: Pickup | H85: 8.8 | I85: 3 | J85: 1280
A86: F078 | B86: 467 | C86: 83 | D86: =IF(C86="","Missing",IF(C86<50,"Low",IF(C86>=100,"Medium","High"))) -> High | E86: 355 | F86: Traditional | G86: Pickup | H86: 24.8 | I86: 5 | J86: 1192
A87: F035 | B87: 865 | C87: 119 | D87: =IF(C87="","Missing",IF(C87<50,"Low",IF(C87>=100,"Medium","High"))) -> Medium | E87: 718 | F87: Traditional | G87: Truck | H87: 14 | I87: 1 | J87: 1129
A88: F115 | B88: 495 | C88: 79 | D88: =IF(C88="","Missing",IF(C88<50,"Low",IF(C88>=100,"Medium","High"))) -> High | E88: 384 | F88: No storage | G88: TRUCK | H88: 10.5 | I88: 2 | J88: 1044
A89: F008 | B89: 839 | C89: 900 kg | D89: =IF(C89="","Missing",IF(C89<50,"Low",IF(C89>=100,"Medium","High"))) -> Medium | E89: 690 | F89: None | G89: Truck | H89: 10.4 | I89: 3 | J89: 775
A90: F044 | B90: 466 | C90: 75 | D90: =IF(C90="","Missing",IF(C90<50,"Low",IF(C90>=100,"Medium","High"))) -> High | E90: 355 | F90: Cold storage | G90: Pick up | H90: 48.3 | J90: 1420
A91: F071 | B91: 671 | C91: 67 | D91: =IF(C91="","Missing",IF(C91<50,"Low",IF(C91>=100,"Medium","High"))) -> High | E91: 600 | F91: Traditional | G91: Truck | H91: 8.9 km | I91: 2 | J91: 1368
A92: F099 | B92: 552 | C92: 48 | D92: =IF(C92="","Missing",IF(C92<50,"Low",IF(C92>=100,"Medium","High"))) -> Low | F92: Improved | G92: Other | H92: 18.9 | I92: 3 | J92: 957
A93: F121 | B93: 850 | C93: 110 | D93: =IF(C93="","Missing",IF(C93<50,"Low",IF(C93>=100,"Medium","High"))) -> Medium | E93: 696 | F93: No storage | G93: Motorcycle | H93: 12.2 | I93: 3 | J93: 1022
A94: F084 | B94: 414 | C94: 57 | D94: =IF(C94="","Missing",IF(C94<50,"Low",IF(C94>=100,"Medium","High"))) -> High | E94: 352 | F94: No Storage | G94: Truck | H94: 15.5 | I94: 3 | J94: 1251
A95: F135 | B95: 332 | C95: 62 | D95: =IF(C95="","Missing",IF(C95<50,"Low",IF(C95>=100,"Medium","High"))) -> High | E95: 257 | F95: None | G95: pickup | H95: 40 | I95: 2 | J95: 1302
A96: F136 | B96: 1290 | C96: 201 | D96: =IF(C96="","Missing",IF(C96<50,"Low",IF(C96>=100,"Medium","High"))) -> Medium | E96: 1032 | F96: None | G96: Truck | I96: 3 | J96: 1151
A97: F090 | B97: 729 | C97: 60 | D97: =IF(C97="","Missing",IF(C97<50,"Low",IF(C97>=100,"Medium","High"))) -> High | E97: 650 | F97: traditional | G97: Truck | H97: 9.5 | I97: 1 | J97: 999
A98: F009 | B98: 425 kg | C98: 82 | D98: =IF(C98="","Missing",IF(C98<50,"Low",IF(C98>=100,"Medium","High"))) -> High | E98: 332 | F98: No Storage | G98: Motorcycle | H98: 35.2 | I98: 3
A99: F014 | B99: 192 | C99: 20 | D99: =IF(C99="","Missing",IF(C99<50,"Low",IF(C99>=100,"Medium","High"))) -> Low | E99: 168 | F99: Traditional | G99: Truck | H99: 10.5 | I99: 2 | J99: 1558
A100: F120 | B100: 832 | C100: 96 | D100: =IF(C100="","Missing",IF(C100<50,"Low",IF(C100>=100,"Medium","High"))) -> High | E100: 706 | F100: None | G100: Truck | H100: 10 | I100: 1 | J100: 615
...

Sheet Data_profiling
A1: Metrics | B1: Formula | C1: Result | E1: Variable | F1: blank | G1: missmatch | H1: text/other
A2: Total records | B2: =COUNTA(Raw_Data!A2:A151) -> 150 | C2: 150 | E2: Harvest | F2: =COUNTBLANK(Raw_Data!B2:B151) -> 3 | G2: =(B2-B4) -> 11 | H2: 8
A3: Missing ID | B3: =COUNT(Raw_Data!A2:A151) -> 0 | E3: Lost values | F3: =COUNTBLANK(Raw_Data!C2:C151) -> 5 | G3: =B2-B5 -> 14 | H3: 9
A4: Total harvest filled | B4: =COUNT(Raw_Data!B2:B151) -> 139 | E4: Distance values | F4: =COUNTBLANK(Raw_Data!H2:H151) -> 4 | G4: =B2-B6 -> 13 | H4: 9
A5: Total lost values filled | B5: =COUNT(Raw_Data!C2:C151) -> 136 | E5: Sales | F5: =COUNTBLANK(Raw_Data!E2:E151) -> 1 | G5: =B2-B7 -> 3 | H5: 2
A6: Distance values filled | B6: =COUNT(Raw_Data!H2:H151) -> 137 | E6: Days | F6: =COUNTBLANK(Raw_Data!I2:I151) -> 2 | G6: =B2-B8 -> 3 | H6: 1
A7: Total sold values filled | B7: =COUNT(Raw_Data!E2:E151) -> 147 | E7: Price | F7: =COUNTBLANK(Raw_Data!J2:J151) -> 3 | G7: =B2-B9 -> 12 | H7: 9
A8: Days filled | B8: =COUNT(Raw_Data!I2:I151) -> 147
A9: Price filled | B9: =COUNT(Raw_Data!J2:J152) -> 138

Sheet Read_Me
A1: Item | B1: Details
A2: Dataset purpose | B2: Practice dataset for Excel data cleaning and post-harvest-loss analysis
A3: Rows | B3: 150 simulated farmer records
A4: Status | B4: Intentionally messy
A5: Important note | B5: Synthetic data only; not real survey observations
A6: Main outcome | B6: Post-harvest loss quantity / loss percentage
A7: Suggested first task | B7: Profile missing values, inconsistent labels, text-formatted numbers and suspicious records
